DataName,Mode,brp_Validation,Loan_nbr,Reg_ProductType,Reg_SSN,Reg_ConfirmSSN,Reg_PIN,Reg_LastName,Reg_FirstName,Reg_MiddleName,Reg_Address1,Reg_Address2,Reg_City,Reg_State,Reg_Zip,Reg_MonthsAtAddress,Reg_OwnResidence,Reg_RentAmount,Reg_Suffix,BrwrRegPrsnl_sameasmailaddress,Reg_MailAddress1,Reg_MailAddress2,Reg_MailCity,Reg_MailState,Reg_MailZip,Reg_Pri_PhNbr,Reg_Pri_Ext,Reg_Pri_PhType,Reg_Sec_PhNbr,Reg_Sec_Ext,Reg_Secondary_Phone_Type,Reg_Email,Reg_AccMaintanace_OptIn,Reg_AccMaintanace_OptOut,Reg_Marketing_OptIn,Reg_Marketing_OptOut,Reg_PhotoID_Nbr,Reg_PhotoID_State,Reg_IdExpiry,Reg_PhotoID_Type,Reg_ID_Zip,Reg_CustomerDOB,Reg_Eye_color,Reg_Height_ft,Reg_Height_inch,Reg_App_Date,BrwrRegPrsnl_PrimaryDNC_CheckBoxField,BrwrRegPrsnl_optInBoth_RadioButton,brp_ValidationMsg
Verify_EmailOptIn_SuccessMsg,Edit,,,,,,,,,,,,,,,,,,,,,,,,,,,,,,,,Email Optin was successful.,,Email Optin was successful.,,,,,,,,,,,,,,
Verify_EmailOptOut_SuccessMsg,Edit,,,,,,,,,,,,,,,,,,,,,,,,,,,,,,,,,Email Optout was successful.,,Email Optout was successful.,,,,,,,,,,,,,
PDL_ConvertedCustomer,ConvCustomer,,,,,,,,,,,,,,,60,,,,Y,,,,,,,,,,,,Random,,,,,Random,CDF(StateData.State),12/12/2021,Drivers license,CDF(StateData.ZipCode),12/12/1983,,,,10/8/2018,,,
LOC_Customer_Reg,New,,,Line of Credit,CDF(StateData.LOC_SSN),SAME AS SSN,,Auto,LOC,,100 Automation Test Blvd,Selenium Avenue,CDF(StateData.City),CDF(StateData.State),CDF(StateData.ZipCode),60,No,500,Sr.,Y,,,,,,Random,10001,Home,Random,20001,Cell,Random,,,,,Random,CDF(StateData.State),12/12/2021,Drivers license,CDF(StateData.ZipCode),12/12/1983,,,,,y,y,
Title_Customer_Reg,New,,,Title Loan,CDF(StateData.Title_SSN),SAME AS SSN,,Auto,TLP,,100 Automation Test Blvd,Selenium Avenue,CDF(StateData.City),CDF(StateData.State),CDF(StateData.ZipCode),60,No,500,Sr.,y,,,,,,Random,10002,Home,Random,20002,Cell,Random,,,,,Random,CDF(StateData.State),12/12/2021,Drivers license,CDF(StateData.ZipCode),12/12/1983,Brown,7,2,,y,y,
PDL_Customer_Reg,New,,,Payday Loan,CDF(StateData.PayDay_SSN),SAME AS SSN,,Auto,PDL,,100 Automation Test Blvd,Selenium Avenue,CDF(StateData.City),CDF(StateData.State),CDF(StateData.ZipCode),60,No,500,Sr.,Y,,,,,,Random,10003,Home,Random,20003,Cell,Random,,,,,Random,CDF(StateData.State),12/12/2021,Drivers license,CDF(StateData.ZipCode),12/12/1983,,,,,y,y,
Inst_Reg_PerInfo,New,,,Installment Loan,CDF(StateData.Installmet_SSN ),SAME AS SSN,,Auto,INST,,4276 N. Academy Blvd.,Selenium Avenue,CDF(StateData.City),CDF(StateData.State),CDF(StateData.ZipCode),60,No,500,Sr.,Y,,,,,,Random,10004,Home,Random,20004,Cell,Random,,,,,Random,CDF(StateData.State),12/12/2021,Drivers license,CDF(StateData.ZipCode),12/12/1983,,,,,y,y,
PDL_Reg_PerInfo_FL,New,,,Payday Loan,725_Random,SAME AS SSN,,Auto,PDL,,100 Automation Test Blvd,Selenium Avenue,Miami,Florida,33101,24,No,500,Sr.,Y,,,,,,Random,4664,Home,Random,4664,Cell,Random,,,,,Random,Florida,9/8/2025,Drivers license,33101,8/5/1991,,,,,y,y,
LOC_Customer_Reg_CA_Address,New,,,Line of Credit,311_Random,SAME AS SSN,,Auto,LOC,,3995 W Carson St,Selenium Avenue,Torrance,CA,90503,60,No,500,Sr.,Y,,,,,,Random,77001,Home,Random,77001,Cell,Random,,,,,Random,CA,12/12/2021,Drivers license,90503,12/12/1987,,,,,y,y,
TTL_Customer_Reg_CA_Address,New,,,Title Loan,211_Random,SAME AS SSN,,Auto,LOC,,3995 W Carson St,Selenium Avenue,Torrance,CA,90503,60,No,500,Sr.,Y,,,,,,Random,77001,Home,Random,77001,Cell,Random,,,,,Random,CA,12/12/2021,Drivers license,90503,12/12/1987,,,,,y,y,
PDL_Customer_Reg_CA_Address,New,,,Payday Loan,111_Random,SAME AS SSN,,Auto,LOC,,3995 W Carson St,Selenium Avenue,Torrance,CA,90503,60,No,500,Sr.,Y,,,,,,Random,77001,Home,Random,77001,Cell,Random,,,,,Random,CA,12/12/2021,Drivers license,90503,12/12/1987,,,,,y,y,
LOC_Customer_Reg_GA,New,,,Line of Credit,311_Random,SAME AS SSN,,Auto,LOC,,2445 Brunswick St,,Atlanta,Georgia,30309,60,Yes,800,Jr.,Y,,,,,,Random,,Cell,Random,,Home,Random,,,,,Random,Florida,10/27/2020,INS ID,34232,10/27/1956,,,,,,,
TTL_Customer_Reg_GA,New,,,Title Loan,211_Random,SAME AS SSN,,Auto,TITLE,,2445 Brunswick St,,Atlanta,Georgia,30309,60,No,600,Sr.,Y,,,,,,Random,,Home,Random,,Cell,Random,,,,,Random,Florida,10/27/2020,IRS ID,34232,10/27/1956,Blue,5,11,,,,
PDL_Customer_Reg_GA,New,,,Payday Loan,111_Random,SAME AS SSN,,Auto,PDL,,2445 Brunswick St,,Atlanta,Georgia,30309,60,Yes,800,III,Y,,,,,,Random,,Cell,Random,,Home,Random,,,,,Random,Florida,10/27/2020,Matricula ID,34232,10/27/1956,,,,,,,
LOC_Customer_Reg_KY,New,,,Line of Credit,311_Random,SAME AS SSN,,Auto,LOC,,3221 Hikes Ln,,Louisville,Kentucky,40220,72,No,600,IV,Y,,,,,,Random,,Home,Random,,Cell,Random,,,,,Random,Ohio,12/16/2021,Military ID,43213,12/16/1960,,,,,,,
TTL_Customer_Reg_KY,New,,,Title Loan,211_Random,SAME AS SSN,,Auto,TITLE,,3221 Hikes Ln,,Louisville,Kentucky,40220,72,Yes,800,V,Y,,,,,,Random,,Cell,Random,,Home,Random,,,,,Random,Ohio,12/16/2021,Secret Service ID,43213,12/16/1960,Brown,5,9,,,,
PDL_Customer_Reg_KY,New,,,Payday Loan,111_Random,SAME AS SSN,,Auto,PDL,,3221 Hikes Ln,,Louisville,Kentucky,40220,72,No,600,Jr.,Y,,,,,,Random,,Home,Random,,Cell,Random,,,,,Random,Ohio,12/16/2021,State issued ID,43213,12/16/1960,,,,,,,
LOC_Customer_Reg_MS,New,,,Line of Credit,311_Random,SAME AS SSN,,Auto,LOC,,2533 Interchange Dr,,Fulton,Mississippi,38843,84,Yes,800,Sr.,Y,,,,,,Random,,Cell,Random,,Home,Random,,,,,Random,Kansas,11/9/2020,Tribe Membership ID,66106,11/9/1981,,,,,,,
TTL_Customer_Reg_MS,New,,,Title Loan,211_Random,SAME AS SSN,,Auto,TITLE,,2533 Interchange Dr,,Fulton,Mississippi,38843,84,No,600,III,Y,,,,,,Random,,Home,Random,,Cell,Random,,,,,Random,Kansas,11/9/2020,U.S.Passport,66106,11/9/1981,Green,6,1,,,,
PDL_Customer_Reg_MS,New,,,Payday Loan,111_Random,SAME AS SSN,,Auto,PDL,,2533 Interchange Dr,,Fulton,Mississippi,38843,84,Yes,800,IV,Y,,,,,,Random,,Cell,Random,,Home,Random,,,,,Random,Kansas,11/9/2020,INS ID,66106,11/9/1981,,,,,,,
LOC_Customer_Reg_VA,New,,,Line of Credit,311_Random,SAME AS SSN,,Auto,LOC,,1332 Wards Rd,,Lynchburg,Virginia,24502,96,No,600,V,Y,,,,,,Random,,Home,Random,,Cell,Random,,,,,Random,South Carolina,4/8/2021,IRS ID,29412,4/8/1959,,,,,,,
TTL_Customer_Reg_VA,New,,,Title Loan,211_Random,SAME AS SSN,,Auto,TITLE,,1332 Wards Rd,,Lynchburg,Virginia,24502,96,Yes,800,Jr.,Y,,,,,,Random,,Cell,Random,,Home,Random,,,,,Random,South Carolina,4/8/2021,Matricula ID,29412,4/8/1959,Hazel,5,7,,,,
PDL_Customer_Reg_VA,New,,,Payday Loan,111_Random,SAME AS SSN,,Auto,PDL,,1332 Wards Rd,,Lynchburg,Virginia,24502,96,No,600,Sr.,Y,,,,,,Random,,Home,Random,,Cell,Random,,,,,Random,South Carolina,4/8/2021,Military ID,29412,4/8/1959,,,,,,,
LOC_Customer_Reg_NC,New,,,Line of Credit,311_Random,SAME AS SSN,,Auto,LOC,,1525 Chestnut Ridge,,Asheville,North Carolina,28804,108,Yes,800,III,Y,,,,,,Random,,Cell,Random,,Home,Random,,,,,Random,North Carolina,7/19/2022,Secret Service ID,28804,7/19/1962,,,,,,,
TTL_Customer_Reg_NC,New,,,Title Loan,211_Random,SAME AS SSN,,Auto,TITLE,,1525 Chestnut Ridge,,Asheville,North Carolina,28804,108,No,600,IV,Y,,,,,,Random,,Home,Random,,Cell,Random,,,,,Random,North Carolina,7/19/2022,State issued ID,28804,7/19/1962,Blue,6,4,,,,
PDL_Customer_Reg_NC,New,,,Payday Loan,111_Random,SAME AS SSN,,Auto,PDL,,1525 Chestnut Ridge,,Asheville,North Carolina,28804,108,Yes,800,V,Y,,,,,,Random,,Cell,Random,,Home,Random,,,,,Random,North Carolina,7/19/2022,Tribe Membership ID,28804,7/19/1962,,,,,,,
LOC1,New,,,Line of Credit,311_Random,SAME AS SSN,,Auto,LOC,,2518 HILLSBORO BLVD,Selenium Avenue,Manchester,CDF(StateData.State),37355,60,No,500,Sr.,Y,,,,,,931-728-5291,77001,Home,Random,77001,Cell,Random,,,,,Random,CDF(StateData.State),12/12/2021,Drivers license,CDF(StateData.ZipCode),12/12/1987,,,,,y,y,
LOC2,New,,,Line of Credit,311_Random,SAME AS SSN,,Auto,LOC,,1224 HUNTSVILLE HWY,Selenium Avenue,Fayetteville,CDF(StateData.State),37334,60,No,500,Sr.,Y,,,,,,931-433-3999,77001,Home,Random,77001,Cell,Random,,,,,Random,CDF(StateData.State),12/12/2021,Drivers license,CDF(StateData.ZipCode),12/12/1987,,,,,y,y,
LOC3,New,,,Line of Credit,311_Random,SAME AS SSN,,Auto,LOC,,2196 EMPORIUM DR,Selenium Avenue,Jackson,CDF(StateData.State),38305,60,No,500,Sr.,Y,,,,,,731-664-8760,77001,Home,Random,77001,Cell,Random,,,,,Random,CDF(StateData.State),12/12/2021,Drivers license,CDF(StateData.ZipCode),12/12/1987,,,,,y,y,
LOC4,New,,,Line of Credit,311_Random,SAME AS SSN,,Auto,LOC,,2315 MADISON ST,Selenium Avenue,Clarksville,CDF(StateData.State),37043,60,No,500,Sr.,Y,,,,,,931-552-8070,77001,Home,Random,77001,Cell,Random,,,,,Random,CDF(StateData.State),12/12/2021,Drivers license,CDF(StateData.ZipCode),12/12/1987,,,,,y,y,
LOC5,New,,,Line of Credit,311_Random,SAME AS SSN,,Auto,LOC,,501 SIGNAL MOUNTAIN RD,Selenium Avenue,Chattanooga,CDF(StateData.State),37405,60,No,500,Sr.,Y,,,,,,423-756-4847,77001,Home,Random,77001,Cell,Random,,,,,Random,CDF(StateData.State),12/12/2021,Drivers license,CDF(StateData.ZipCode),12/12/1987,,,,,y,y,
LOC6,New,,,Line of Credit,311_Random,SAME AS SSN,,Auto,LOC,,4525 HIGHWAY 411,Selenium Avenue,Madisonville,CDF(StateData.State),37354,60,No,500,Sr.,Y,,,,,,423-442-5577,77001,Home,Random,77001,Cell,Random,,,,,Random,CDF(StateData.State),12/12/2021,Drivers license,CDF(StateData.ZipCode),12/12/1987,,,,,y,y,
LOC7,New,,,Line of Credit,311_Random,SAME AS SSN,,Auto,LOC,,3550 CUMMINGS HWY,Selenium Avenue,Chattanooga,CDF(StateData.State),37419,60,No,500,Sr.,Y,,,,,,423-821-1271,77001,Home,Random,77001,Cell,Random,,,,,Random,CDF(StateData.State),12/12/2021,Drivers license,CDF(StateData.ZipCode),12/12/1987,,,,,y,y,
LOC8,New,,,Line of Credit,311_Random,SAME AS SSN,,Auto,LOC,,4040 NOLENSVILLE PIKE,Selenium Avenue,CDF(StateData.City),CDF(StateData.State),37211,60,No,500,Sr.,Y,,,,,,615-831-0898,77001,Home,Random,77001,Cell,Random,,,,,Random,CDF(StateData.State),12/12/2021,Drivers license,CDF(StateData.ZipCode),12/12/1987,,,,,y,y,
LOC9,New,,,Line of Credit,311_Random,SAME AS SSN,,Auto,LOC,,2915 W MARKET ST,Selenium Avenue,Johnson City,CDF(StateData.State),37604,60,No,500,Sr.,Y,,,,,,423-434-2868,77001,Home,Random,77001,Cell,Random,,,,,Random,CDF(StateData.State),12/12/2021,Drivers license,CDF(StateData.ZipCode),12/12/1987,,,,,y,y,
LOC10,New,,,Line of Credit,311_Random,SAME AS SSN,,Auto,LOC,,5588 LITTLE DEBBIE PKWY,Selenium Avenue,Ooltewah,CDF(StateData.State),37363,60,No,500,Sr.,Y,,,,,,423-238-1069,77001,Home,Random,77001,Cell,Random,,,,,Random,CDF(StateData.State),12/12/2021,Drivers license,CDF(StateData.ZipCode),12/12/1987,,,,,y,y,
LOC11,New,,,Line of Credit,311_Random,SAME AS SSN,,Auto,LOC,,2171 S HIGHLAND AVE,Selenium Avenue,Jackson,CDF(StateData.State),38301,60,No,500,Sr.,Y,,,,,,731-427-6664,77001,Home,Random,77001,Cell,Random,,,,,Random,CDF(StateData.State),12/12/2021,Drivers license,CDF(StateData.ZipCode),12/12/1987,,,,,y,y,
LOC12,New,,,Line of Credit,311_Random,SAME AS SSN,,Auto,LOC,,2410 US HIGHWAY 411 S,Selenium Avenue,Maryville,CDF(StateData.State),37801,60,No,500,Sr.,Y,,,,,,865-982-5527,77001,Home,Random,77001,Cell,Random,,,,,Random,CDF(StateData.State),12/12/2021,Drivers license,CDF(StateData.ZipCode),12/12/1987,,,,,y,y,
LOC13,New,,,Line of Credit,311_Random,SAME AS SSN,,Auto,LOC,,3458 DICKERSON PIKE,Selenium Avenue,CDF(StateData.City),CDF(StateData.State),37207,60,No,500,Sr.,Y,,,,,,615-873-2665,77001,Home,Random,77001,Cell,Random,,,,,Random,CDF(StateData.State),12/12/2021,Drivers license,CDF(StateData.ZipCode),12/12/1987,,,,,y,y,
LOC14,New,,,Line of Credit,311_Random,SAME AS SSN,,Auto,LOC,,300 PLEASANT GROVE RD STE 600,Selenium Avenue,Mount Juliet,CDF(StateData.State),37122,60,No,500,Sr.,Y,,,,,,615-758-4404,77001,Home,Random,77001,Cell,Random,,,,,Random,CDF(StateData.State),12/12/2021,Drivers license,CDF(StateData.ZipCode),12/12/1987,,,,,y,y,
LOC15,New,,,Line of Credit,311_Random,SAME AS SSN,,Auto,LOC,,222 WILKINSON LN,Selenium Avenue,White House,CDF(StateData.State),37188,60,No,500,Sr.,Y,,,,,,615-672-4980,77001,Home,Random,77001,Cell,Random,,,,,Random,CDF(StateData.State),12/12/2021,Drivers license,CDF(StateData.ZipCode),12/12/1987,,,,,y,y,
LOC16,New,,,Line of Credit,311_Random,SAME AS SSN,,Auto,LOC,,105 CHICKASAW RIDGE DR,Selenium Avenue,Oakland,CDF(StateData.State),38060,60,No,500,Sr.,Y,,,,,,901-465-0155,77001,Home,Random,77001,Cell,Random,,,,,Random,CDF(StateData.State),12/12/2021,Drivers license,CDF(StateData.ZipCode),12/12/1987,,,,,y,y,
LOC17,New,,,Line of Credit,311_Random,SAME AS SSN,,Auto,LOC,,150 TANNER LN,Selenium Avenue,Clinton,CDF(StateData.State),37716,60,No,500,Sr.,Y,,,,,,865-457-4454,77001,Home,Random,77001,Cell,Random,,,,,Random,CDF(StateData.State),12/12/2021,Drivers license,CDF(StateData.ZipCode),12/12/1987,,,,,y,y,
LOC18,New,,,Line of Credit,311_Random,SAME AS SSN,,Auto,LOC,,3035 HAMILTON CHURCH RD,Selenium Avenue,Antioch,CDF(StateData.State),37013,60,No,500,Sr.,Y,,,,,,615-360-5144,77001,Home,Random,77001,Cell,Random,,,,,Random,CDF(StateData.State),12/12/2021,Drivers license,CDF(StateData.ZipCode),12/12/1987,,,,,y,y,
LOC19,New,,,Line of Credit,311_Random,SAME AS SSN,,Auto,LOC,,589 W MAIN ST,Selenium Avenue,Cookeville,CDF(StateData.State),38506,60,No,500,Sr.,Y,,,,,,931-537-3980,77001,Home,Random,77001,Cell,Random,,,,,Random,CDF(StateData.State),12/12/2021,Drivers license,CDF(StateData.ZipCode),12/12/1987,,,,,y,y,
LOC20,New,,,Line of Credit,311_Random,SAME AS SSN,,Auto,LOC,,490 GREENWAY VIEW DR,Selenium Avenue,Chattanooga,CDF(StateData.State),37411,60,No,500,Sr.,Y,,,,,,423-892-9979,77001,Home,Random,77001,Cell,Random,,,,,Random,CDF(StateData.State),12/12/2021,Drivers license,CDF(StateData.ZipCode),12/12/1987,,,,,y,y,
LOC21,New,,,Line of Credit,311_Random,SAME AS SSN,,Auto,LOC,,2300 TREASURY DR SE,Selenium Avenue,Cleveland,CDF(StateData.State),37323,60,No,500,Sr.,Y,,,,,,423-472-1107,77001,Home,Random,77001,Cell,Random,,,,,Random,CDF(StateData.State),12/12/2021,Drivers license,CDF(StateData.ZipCode),12/12/1987,,,,,y,y,
LOC22,New,,,Line of Credit,311_Random,SAME AS SSN,,Auto,LOC,,1414 PARKWAY,Selenium Avenue,Sevierville,CDF(StateData.State),37862,60,No,500,Sr.,Y,,,,,,865-429-8006,77001,Home,Random,77001,Cell,Random,,,,,Random,CDF(StateData.State),12/12/2021,Drivers license,CDF(StateData.ZipCode),12/12/1987,,,,,y,y,
LOC23,New,,,Line of Credit,311_Random,SAME AS SSN,,Auto,LOC,,3200 FORT HENRY DR,Selenium Avenue,Kingsport,CDF(StateData.State),37664,60,No,500,Sr.,Y,,,,,,423-392-0059,77001,Home,Random,77001,Cell,Random,,,,,Random,CDF(StateData.State),12/12/2021,Drivers license,CDF(StateData.ZipCode),12/12/1987,,,,,y,y,
LOC24,New,,,Line of Credit,311_Random,SAME AS SSN,,Auto,LOC,,3034 RHEA COUNTY HWY,Selenium Avenue,Dayton,CDF(StateData.State),37321,60,No,500,Sr.,Y,,,,,,423-775-3120,77001,Home,Random,77001,Cell,Random,,,,,Random,CDF(StateData.State),12/12/2021,Drivers license,CDF(StateData.ZipCode),12/12/1987,,,,,y,y,
LOC25,New,,,Line of Credit,311_Random,SAME AS SSN,,Auto,LOC,,220 CENTURY BLVD,Selenium Avenue,Bristol,CDF(StateData.State),37620,60,No,500,Sr.,Y,,,,,,423-968-2253,77001,Home,Random,77001,Cell,Random,,,,,Random,CDF(StateData.State),12/12/2021,Drivers license,CDF(StateData.ZipCode),12/12/1987,,,,,y,y,
LOC26,New,,,Line of Credit,311_Random,SAME AS SSN,,Auto,LOC,,1100 S DUPREE AVE,Selenium Avenue,Brownsville,CDF(StateData.State),38012,60,No,500,Sr.,Y,,,,,,731-772-3462,77001,Home,Random,77001,Cell,Random,,,,,Random,CDF(StateData.State),12/12/2021,Drivers license,CDF(StateData.ZipCode),12/12/1987,,,,,y,y,
LOC27,New,,,Line of Credit,311_Random,SAME AS SSN,,Auto,LOC,,1880 N MAIN ST,Selenium Avenue,Shelbyville,CDF(StateData.State),37160,60,No,500,Sr.,Y,,,,,,931-684-3773,77001,Home,Random,77001,Cell,Random,,,,,Random,CDF(StateData.State),12/12/2021,Drivers license,CDF(StateData.ZipCode),12/12/1987,,,,,y,y,
LOC28,New,,,Line of Credit,311_Random,SAME AS SSN,,Auto,LOC,,768 S JEFFERSON AVE,Selenium Avenue,Cookeville,CDF(StateData.State),38501,60,No,500,Sr.,Y,,,,,,931-528-4043,77001,Home,Random,77001,Cell,Random,,,,,Random,CDF(StateData.State),12/12/2021,Drivers license,CDF(StateData.ZipCode),12/12/1987,,,,,y,y,
LOC29,New,,,Line of Credit,311_Random,SAME AS SSN,,Auto,LOC,,7044 CHARLOTTE PIKE,Selenium Avenue,CDF(StateData.City),CDF(StateData.State),37209,60,No,500,Sr.,Y,,,,,,615-352-0649,77001,Home,Random,77001,Cell,Random,,,,,Random,CDF(StateData.State),12/12/2021,Drivers license,CDF(StateData.ZipCode),12/12/1987,,,,,y,y,
LOC30,New,,,Line of Credit,311_Random,SAME AS SSN,,Auto,LOC,,1815 DECATUR PIKE,Selenium Avenue,Athens,CDF(StateData.State),37303,60,No,500,Sr.,Y,,,,,,423-745-0395,77001,Home,Random,77001,Cell,Random,,,,,Random,CDF(StateData.State),12/12/2021,Drivers license,CDF(StateData.ZipCode),12/12/1987,,,,,y,y,
LOC31,New,,,Line of Credit,311_Random,SAME AS SSN,,Auto,LOC,,2111 N JACKSON ST,Selenium Avenue,Tullahoma,CDF(StateData.State),37388,60,No,500,Sr.,Y,,,,,,931-455-9602,77001,Home,Random,77001,Cell,Random,,,,,Random,CDF(StateData.State),12/12/2021,Drivers license,CDF(StateData.ZipCode),12/12/1987,,,,,y,y,
LOC32,New,,,Line of Credit,311_Random,SAME AS SSN,,Auto,LOC,,915 N CHANCERY ST STE 100,Selenium Avenue,Mcminnville,CDF(StateData.State),37110,60,No,500,Sr.,Y,,,,,,931-473-7518,77001,Home,Random,77001,Cell,Random,,,,,Random,CDF(StateData.State),12/12/2021,Drivers license,CDF(StateData.ZipCode),12/12/1987,,,,,y,y,
LOC33,New,,,Line of Credit,311_Random,SAME AS SSN,,Auto,LOC,,615 S CUMBERLAND ST,Selenium Avenue,Lebanon,CDF(StateData.State),37087,60,No,500,Sr.,Y,,,,,,615-444-9291,77001,Home,Random,77001,Cell,Random,,,,,Random,CDF(StateData.State),12/12/2021,Drivers license,CDF(StateData.ZipCode),12/12/1987,,,,,y,y,
LOC34,New,,,Line of Credit,311_Random,SAME AS SSN,,Auto,LOC,,1030 HUNTERS CROSSIN,Selenium Avenue,Alcoa,CDF(StateData.State),37701,60,No,500,Sr.,Y,,,,,,865-984-1976,77001,Home,Random,77001,Cell,Random,,,,,Random,CDF(StateData.State),12/12/2021,Drivers license,CDF(StateData.ZipCode),12/12/1987,,,,,y,y,
LOC35,New,,,Line of Credit,311_Random,SAME AS SSN,,Auto,LOC,,3050 WILMA RUDOLPH BLVD,Selenium Avenue,Clarksville,CDF(StateData.State),37040,60,No,500,Sr.,Y,,,,,,931-553-8489,77001,Home,Random,77001,Cell,Random,,,,,Random,CDF(StateData.State),12/12/2021,Drivers license,CDF(StateData.ZipCode),12/12/1987,,,,,y,y,
LOC36,New,,,Line of Credit,311_Random,SAME AS SSN,,Auto,LOC,,1112 CDF(StateData.City) PIKE,Selenium Avenue,Gallatin,CDF(StateData.State),37066,60,No,500,Sr.,Y,,,,,,615-452-1870,77001,Home,Random,77001,Cell,Random,,,,,Random,CDF(StateData.State),12/12/2021,Drivers license,CDF(StateData.ZipCode),12/12/1987,,,,,y,y,
LOC37,New,,,Line of Credit,311_Random,SAME AS SSN,,Auto,LOC,,1601 W REELFOOT AVE,Selenium Avenue,Union City,CDF(StateData.State),38261,60,No,500,Sr.,Y,,,,,,731-884-0256,77001,Home,Random,77001,Cell,Random,,,,,Random,CDF(StateData.State),12/12/2021,Drivers license,CDF(StateData.ZipCode),12/12/1987,,,,,y,y,
LOC38,New,,,Line of Credit,311_Random,SAME AS SSN,,Auto,LOC,,1102 N GATEWAY AVE,Selenium Avenue,Rockwood,CDF(StateData.State),37854,60,No,500,Sr.,Y,,,,,,865-354-0587,77001,Home,Random,77001,Cell,Random,,,,,Random,CDF(StateData.State),12/12/2021,Drivers license,CDF(StateData.ZipCode),12/12/1987,,,,,y,y,
LOC39,New,,,Line of Credit,311_Random,SAME AS SSN,,Auto,LOC,,2650 LAKE RD,Selenium Avenue,Dyersburg,CDF(StateData.State),38024,60,No,500,Sr.,Y,,,,,,731-285-6021,77001,Home,Random,77001,Cell,Random,,,,,Random,CDF(StateData.State),12/12/2021,Drivers license,CDF(StateData.ZipCode),12/12/1987,,,,,y,y,
LOC40,New,,,Line of Credit,311_Random,SAME AS SSN,,Auto,LOC,,3755 E ANDREW JOHNSON HWY,Selenium Avenue,Greeneville,CDF(StateData.State),37745,60,No,500,Sr.,Y,,,,,,423-639-1149,77001,Home,Random,77001,Cell,Random,,,,,Random,CDF(StateData.State),12/12/2021,Drivers license,CDF(StateData.ZipCode),12/12/1987,,,,,y,y,
LOC41,New,,,Line of Credit,311_Random,SAME AS SSN,,Auto,LOC,,2000 OLD FORT PKWY,Selenium Avenue,Murfreesboro,CDF(StateData.State),37129,60,No,500,Sr.,Y,,,,,,615-893-8726,77001,Home,Random,77001,Cell,Random,,,,,Random,CDF(StateData.State),12/12/2021,Drivers license,CDF(StateData.ZipCode),12/12/1987,,,,,y,y,
LOC42,New,,,Line of Credit,311_Random,SAME AS SSN,,Auto,LOC,,2130 N LOCUST AVE,Selenium Avenue,Lawrenceburg,CDF(StateData.State),38464,60,No,500,Sr.,Y,,,,,,931-762-7164,77001,Home,Random,77001,Cell,Random,,,,,Random,CDF(StateData.State),12/12/2021,Drivers license,CDF(StateData.ZipCode),12/12/1987,,,,,y,y,
LOC43,New,,,Line of Credit,311_Random,SAME AS SSN,,Auto,LOC,,547 W CHURCH ST,Selenium Avenue,Lexington,CDF(StateData.State),38351,60,No,500,Sr.,Y,,,,,,731-968-1969,77001,Home,Random,77001,Cell,Random,,,,,Random,CDF(StateData.State),12/12/2021,Drivers license,CDF(StateData.ZipCode),12/12/1987,,,,,y,y,
LOC44,New,,,Line of Credit,311_Random,SAME AS SSN,,Auto,LOC,,475 S DAVY CROCKETT PKWY,Selenium Avenue,Morristown,CDF(StateData.State),37813,60,No,500,Sr.,Y,,,,,,423-586-6615,77001,Home,Random,77001,Cell,Random,,,,,Random,CDF(StateData.State),12/12/2021,Drivers license,CDF(StateData.ZipCode),12/12/1987,,,,,y,y,
LOC45,New,,,Line of Credit,311_Random,SAME AS SSN,,Auto,LOC,,168 OBED PLZ STE 108,Selenium Avenue,Crossville,CDF(StateData.State),38555,60,No,500,Sr.,Y,,,,,,931-484-7193,77001,Home,Random,77001,Cell,Random,,,,,Random,CDF(StateData.State),12/12/2021,Drivers license,CDF(StateData.ZipCode),12/12/1987,,,,,y,y,
LOC46,New,,,Line of Credit,311_Random,SAME AS SSN,,Auto,LOC,,5824 NOLENSVILLE PIKE,Selenium Avenue,CDF(StateData.City),CDF(StateData.State),37211,60,No,500,Sr.,Y,,,,,,615-333-3291,77001,Home,Random,77001,Cell,Random,,,,,Random,CDF(StateData.State),12/12/2021,Drivers license,CDF(StateData.ZipCode),12/12/1987,,,,,y,y,
LOC47,New,,,Line of Credit,311_Random,SAME AS SSN,,Auto,LOC,,4495 KEITH ST NW,Selenium Avenue,Cleveland,CDF(StateData.State),37312,60,No,500,Sr.,Y,,,,,,423-472-0365,77001,Home,Random,77001,Cell,Random,,,,,Random,CDF(StateData.State),12/12/2021,Drivers license,CDF(StateData.ZipCode),12/12/1987,,,,,y,y,
LOC48,New,,,Line of Credit,311_Random,SAME AS SSN,,Auto,LOC,,4424 LEBANON PIKE,Selenium Avenue,Hermitage,CDF(StateData.State),37076,60,No,500,Sr.,Y,,,,,,615-889-1358,77001,Home,Random,77001,Cell,Random,,,,,Random,CDF(StateData.State),12/12/2021,Drivers license,CDF(StateData.ZipCode),12/12/1987,,,,,y,y,
LOC49,New,,,Line of Credit,311_Random,SAME AS SSN,,Auto,LOC,,630 E BROADWAY BLVD,Selenium Avenue,Jefferson City,CDF(StateData.State),37760,60,No,500,Sr.,Y,,,,,,865-475-6185,77001,Home,Random,77001,Cell,Random,,,,,Random,CDF(StateData.State),12/12/2021,Drivers license,CDF(StateData.ZipCode),12/12/1987,,,,,y,y,
LOC50,New,,,Line of Credit,311_Random,SAME AS SSN,,Auto,LOC,,2675 DECHERD BLVD,Selenium Avenue,Winchester,CDF(StateData.State),37398,60,No,500,Sr.,Y,,,,,,931-967-8488,77001,Home,Random,77001,Cell,Random,,,,,Random,CDF(StateData.State),12/12/2021,Drivers license,CDF(StateData.ZipCode),12/12/1987,,,,,y,y,
LOC51,New,,,Line of Credit,311_Random,SAME AS SSN,,Auto,LOC,,2200 HIGHWAY 641 N,Selenium Avenue,Camden,CDF(StateData.State),38320,60,No,500,Sr.,Y,,,,,,731-584-5452,77001,Home,Random,77001,Cell,Random,,,,,Random,CDF(StateData.State),12/12/2021,Drivers license,CDF(StateData.ZipCode),12/12/1987,,,,,y,y,
LOC52,New,,,Line of Credit,311_Random,SAME AS SSN,,Auto,LOC,,911 HIGHWAY 321 N,Selenium Avenue,Lenoir City,CDF(StateData.State),37771,60,No,500,Sr.,Y,,,,,,865-986-8506,77001,Home,Random,77001,Cell,Random,,,,,Random,CDF(StateData.State),12/12/2021,Drivers license,CDF(StateData.ZipCode),12/12/1987,,,,,y,y,
LOC53,New,,,Line of Credit,311_Random,SAME AS SSN,,Auto,LOC,,419 HIGHWAY 52 BYP W,Selenium Avenue,Lafayette,CDF(StateData.State),37083,60,No,500,Sr.,Y,,,,,,615-666-9642,77001,Home,Random,77001,Cell,Random,,,,,Random,CDF(StateData.State),12/12/2021,Drivers license,CDF(StateData.ZipCode),12/12/1987,,,,,y,y,
LOC54,New,,,Line of Credit,311_Random,SAME AS SSN,,Auto,LOC,,201 LANNY BRIDGES AVE,Selenium Avenue,Covington,CDF(StateData.State),38019,60,No,500,Sr.,Y,,,,,,901-476-7026,77001,Home,Random,77001,Cell,Random,,,,,Random,CDF(StateData.State),12/12/2021,Drivers license,CDF(StateData.ZipCode),12/12/1987,,,,,y,y,
LOC55,New,,,Line of Credit,311_Random,SAME AS SSN,,Auto,LOC,,8445 US HIGHWAY 51 N,Selenium Avenue,Millington,CDF(StateData.State),38053,60,No,500,Sr.,Y,,,,,,901-872-6255,77001,Home,Random,77001,Cell,Random,,,,,Random,CDF(StateData.State),12/12/2021,Drivers license,CDF(StateData.ZipCode),12/12/1987,,,,,y,y,
LOC56,New,,,Line of Credit,311_Random,SAME AS SSN,,Auto,LOC,,8400 HIGHWAY 64,Selenium Avenue,Bartlett,CDF(StateData.State),38133,60,No,500,Sr.,Y,,,,,,901-382-0621,77001,Home,Random,77001,Cell,Random,,,,,Random,CDF(StateData.State),12/12/2021,Drivers license,CDF(StateData.ZipCode),12/12/1987,,,,,y,y,
LOC57,New,,,Line of Credit,311_Random,SAME AS SSN,,Auto,LOC,,628 HIGHWAY 51 N,Selenium Avenue,Ripley,CDF(StateData.State),38063,60,No,500,Sr.,Y,,,,,,731-635-5321,77001,Home,Random,77001,Cell,Random,,,,,Random,CDF(StateData.State),12/12/2021,Drivers license,CDF(StateData.ZipCode),12/12/1987,,,,,y,y,
LOC58,New,,,Line of Credit,311_Random,SAME AS SSN,,Auto,LOC,,134 COURTRIGHT RD,Selenium Avenue,Martin,CDF(StateData.State),38237,60,No,500,Sr.,Y,,,,,,731-588-5746,77001,Home,Random,77001,Cell,Random,,,,,Random,CDF(StateData.State),12/12/2021,Drivers license,CDF(StateData.ZipCode),12/12/1987,,,,,y,y,
LOC59,New,,,Line of Credit,311_Random,SAME AS SSN,,Auto,LOC,,1680 FORT CAMPBELL BLVD,Selenium Avenue,Clarksville,CDF(StateData.State),37042,60,No,500,Sr.,Y,,,,,,931-645-5533,77001,Home,Random,77001,Cell,Random,,,,,Random,CDF(StateData.State),12/12/2021,Drivers license,CDF(StateData.ZipCode),12/12/1987,,,,,y,y,
LOC60,New,,,Line of Credit,311_Random,SAME AS SSN,,Auto,LOC,,7555 N MESA ST,Selenium Avenue,Hohenwald,CDF(StateData.State),38462,60,No,500,Sr.,Y,,,,,,931-796-7678,77001,Home,Random,77001,Cell,Random,,,,,Random,CDF(StateData.State),12/12/2021,Drivers license,CDF(StateData.ZipCode),12/12/1987,,,,,y,y,
LOC61,New,,,Line of Credit,311_Random,SAME AS SSN,,Auto,LOC,,1626 HIGHWAY 12 S,Selenium Avenue,Ashland City,CDF(StateData.State),37015,60,No,500,Sr.,Y,,,,,,615-792-8916,77001,Home,Random,77001,Cell,Random,,,,,Random,CDF(StateData.State),12/12/2021,Drivers license,CDF(StateData.ZipCode),12/12/1987,,,,,y,y,
LOC62,New,,,Line of Credit,311_Random,SAME AS SSN,,Auto,LOC,,6777 CLINTON HWY,Selenium Avenue,Knoxville,CDF(StateData.State),37912,60,No,500,Sr.,Y,,,,,,865-938-6767,77001,Home,Random,77001,Cell,Random,,,,,Random,CDF(StateData.State),12/12/2021,Drivers license,CDF(StateData.ZipCode),12/12/1987,,,,,y,y,
LOC63,New,,,Line of Credit,311_Random,SAME AS SSN,,Auto,LOC,,539 E CENTRAL AVE,Selenium Avenue,Jamestown,CDF(StateData.State),38556,60,No,500,Sr.,Y,,,,,,931-879-4975,77001,Home,Random,77001,Cell,Random,,,,,Random,CDF(StateData.State),12/12/2021,Drivers license,CDF(StateData.ZipCode),12/12/1987,,,,,y,y,
LOC64,New,,,Line of Credit,311_Random,SAME AS SSN,,Auto,LOC,,1210 MINERAL WELLS AVE,Selenium Avenue,Paris,CDF(StateData.State),38242,60,No,500,Sr.,Y,,,,,,731-644-2530,77001,Home,Random,77001,Cell,Random,,,,,Random,CDF(StateData.State),12/12/2021,Drivers license,CDF(StateData.ZipCode),12/12/1987,,,,,y,y,
LOC65,New,,,Line of Credit,311_Random,SAME AS SSN,,Auto,LOC,,1017 MULBERRY AVE,Selenium Avenue,Selmer,CDF(StateData.State),38375,60,No,500,Sr.,Y,,,,,,731-645-5877,77001,Home,Random,77001,Cell,Random,,,,,Random,CDF(StateData.State),12/12/2021,Drivers license,CDF(StateData.ZipCode),12/12/1987,,,,,y,y,
LOC66,New,,,Line of Credit,311_Random,SAME AS SSN,,Auto,LOC,,175 BEASLEY DR,Selenium Avenue,Dickson,CDF(StateData.State),37055,60,No,500,Sr.,Y,,,,,,615-446-5996,77001,Home,Random,77001,Cell,Random,,,,,Random,CDF(StateData.State),12/12/2021,Drivers license,CDF(StateData.ZipCode),12/12/1987,,,,,y,y,
LOC67,New,,,Line of Credit,311_Random,SAME AS SSN,,Auto,LOC,,3360 TOM AUSTIN HWY,Selenium Avenue,Springfield,CDF(StateData.State),37172,60,No,500,Sr.,Y,,,,,,615-384-6629,77001,Home,Random,77001,Cell,Random,,,,,Random,CDF(StateData.State),12/12/2021,Drivers license,CDF(StateData.ZipCode),12/12/1987,,,,,y,y,
LOC68,New,,,Line of Credit,311_Random,SAME AS SSN,,Auto,LOC,,4331 HIGHWAY 66 S,Selenium Avenue,Rogersville,CDF(StateData.State),37857,60,No,500,Sr.,Y,,,,,,423-272-8696,77001,Home,Random,77001,Cell,Random,,,,,Random,CDF(StateData.State),12/12/2021,Drivers license,CDF(StateData.ZipCode),12/12/1987,,,,,y,y,
LOC69,New,,,Line of Credit,311_Random,SAME AS SSN,,Auto,LOC,,110 ROCKY BOTTOM DR,Selenium Avenue,Unicoi,CDF(StateData.State),37692,60,No,500,Sr.,Y,,,,,,423-743-8622,77001,Home,Random,77001,Cell,Random,,,,,Random,CDF(StateData.State),12/12/2021,Drivers license,CDF(StateData.ZipCode),12/12/1987,,,,,y,y,
LOC70,New,,,Line of Credit,311_Random,SAME AS SSN,,Auto,LOC,,275 WALTON DR,Selenium Avenue,Waverly,CDF(StateData.State),37185,60,No,500,Sr.,Y,,,,,,931-296-5292,77001,Home,Random,77001,Cell,Random,,,,,Random,CDF(StateData.State),12/12/2021,Drivers license,CDF(StateData.ZipCode),12/12/1987,,,,,y,y,
LOC71,New,,,Line of Credit,311_Random,SAME AS SSN,,Auto,LOC,,570 ENON SPRINGS RD E,Selenium Avenue,Smyrna,CDF(StateData.State),37167,60,No,500,Sr.,Y,,,,,,615-355-8576,77001,Home,Random,77001,Cell,Random,,,,,Random,CDF(StateData.State),12/12/2021,Drivers license,CDF(StateData.ZipCode),12/12/1987,,,,,y,y,
LOC72,New,,,Line of Credit,311_Random,SAME AS SSN,,Auto,LOC,,16773 RANKIN AVE,Selenium Avenue,Dunlap,CDF(StateData.State),37327,60,No,500,Sr.,Y,,,,,,423-949-2817,77001,Home,Random,77001,Cell,Random,,,,,Random,CDF(StateData.State),12/12/2021,Drivers license,CDF(StateData.ZipCode),12/12/1987,,,,,y,y,
LOC73,New,,,Line of Credit,311_Random,SAME AS SSN,,Auto,LOC,,515 W BROAD ST,Selenium Avenue,Smithville,CDF(StateData.State),37166,60,No,500,Sr.,Y,,,,,,615-215-7550,77001,Home,Random,77001,Cell,Random,,,,,Random,CDF(StateData.State),12/12/2021,Drivers license,CDF(StateData.ZipCode),12/12/1987,,,,,y,y,
LOC74,New,,,Line of Credit,311_Random,SAME AS SSN,,Auto,LOC,,1604 W MARKET ST,Selenium Avenue,Bolivar,CDF(StateData.State),38008,60,No,500,Sr.,Y,,,,,,731-658-7656,77001,Home,Random,77001,Cell,Random,,,,,Random,CDF(StateData.State),12/12/2021,Drivers license,CDF(StateData.ZipCode),12/12/1987,,,,,y,y,
LOC75,New,,,Line of Credit,311_Random,SAME AS SSN,,Auto,LOC,,9334 DAYTON PIKE,Selenium Avenue,Soddy Daisy,CDF(StateData.State),37379,60,No,500,Sr.,Y,,,,,,423-332-8737,77001,Home,Random,77001,Cell,Random,,,,,Random,CDF(StateData.State),12/12/2021,Drivers license,CDF(StateData.ZipCode),12/12/1987,,,,,y,y,
LOC76,New,,,Line of Credit,311_Random,SAME AS SSN,,Auto,LOC,,2900 S RUTHERFORD BLVD,Selenium Avenue,Murfreesboro,CDF(StateData.State),37130,60,No,500,Sr.,Y,,,,,,615-896-6332,77001,Home,Random,77001,Cell,Random,,,,,Random,CDF(StateData.State),12/12/2021,Drivers license,CDF(StateData.ZipCode),12/12/1987,,,,,y,y,
LOC77,New,,,Line of Credit,311_Random,SAME AS SSN,,Auto,LOC,,2421 POWELL AVE,Selenium Avenue,CDF(StateData.City),CDF(StateData.State),37204,60,No,500,Sr.,Y,,,,,,615-383-3818,77001,Home,Random,77001,Cell,Random,,,,,Random,CDF(StateData.State),12/12/2021,Drivers license,CDF(StateData.ZipCode),12/12/1987,,,,,y,y,
LOC78,New,,,Line of Credit,311_Random,SAME AS SSN,,Auto,LOC,,19740 ALBERTA ST,Selenium Avenue,Oneida,CDF(StateData.State),37841,60,No,500,Sr.,Y,,,,,,423-569-6855,77001,Home,Random,77001,Cell,Random,,,,,Random,CDF(StateData.State),12/12/2021,Drivers license,CDF(StateData.ZipCode),12/12/1987,,,,,y,y,
LOC79,New,,,Line of Credit,311_Random,SAME AS SSN,,Auto,LOC,,202 SAM WALTON DR,Selenium Avenue,Sparta,CDF(StateData.State),38583,60,No,500,Sr.,Y,,,,,,931-738-6388,77001,Home,Random,77001,Cell,Random,,,,,Random,CDF(StateData.State),12/12/2021,Drivers license,CDF(StateData.ZipCode),12/12/1987,,,,,y,y,
LOC80,New,,,Line of Credit,311_Random,SAME AS SSN,,Auto,LOC,,1075 COSBY HWY,Selenium Avenue,Newport,CDF(StateData.State),37821,60,No,500,Sr.,Y,,,,,,423-623-5630,77001,Home,Random,77001,Cell,Random,,,,,Random,CDF(StateData.State),12/12/2021,Drivers license,CDF(StateData.ZipCode),12/12/1987,,,,,y,y,
LOC81,New,,,Line of Credit,311_Random,SAME AS SSN,,Auto,LOC,,1001 OVER MOUNTAIN DR,Selenium Avenue,Elizabethton,CDF(StateData.State),37643,60,No,500,Sr.,Y,,,,,,423-543-5639,77001,Home,Random,77001,Cell,Random,,,,,Random,CDF(StateData.State),12/12/2021,Drivers license,CDF(StateData.ZipCode),12/12/1987,,,,,y,y,
LOC82,New,,,Line of Credit,311_Random,SAME AS SSN,,Auto,LOC,,1334 N ELLINGTON PKWY,Selenium Avenue,Lewisburg,CDF(StateData.State),37091,60,No,500,Sr.,Y,,,,,,931-270-6240,77001,Home,Random,77001,Cell,Random,,,,,Random,CDF(StateData.State),12/12/2021,Drivers license,CDF(StateData.ZipCode),12/12/1987,,,,,y,y,
LOC83,New,,,Line of Credit,311_Random,SAME AS SSN,,Auto,LOC,,2500 W STONE DR,Selenium Avenue,Kingsport,CDF(StateData.State),37660,60,No,500,Sr.,Y,,,,,,423-245-3377,77001,Home,Random,77001,Cell,Random,,,,,Random,CDF(StateData.State),12/12/2021,Drivers license,CDF(StateData.ZipCode),12/12/1987,,,,,y,y,
LOC_SSN_Mismatch,New,Negative,,Line of Credit,777-11-1021,777-11-1022,,,,,,,,,,,,,,,,,,,,,,,,,,,,,,,,,,,,,,,,,,,SSN and Confirm SSN do not match
TLP_SSN_Mismatch,New,Negative,,Title Loan,777-11-1021,777-11-1022,,,,,,,,,,,,,,,,,,,,,,,,,,,,,,,,,,,,,,,,,,,SSN and Confirm SSN do not match
PDL_SSN_Mismatch,New,Negative,,Payday Loan,777-11-1021,777-11-1022,,,,,,,,,,,,,,,,,,,,,,,,,,,,,,,,,,,,,,,,,,,SSN and Confirm SSN do not match
LOC_SSN_Blank,New,Negative,,Line of Credit,,,,,,,,,,,,,,,,,,,,,,,,,,,,,,,,,,,,,,,,,,,,,SSN cannot be left blank. Please enter information.
TLP_SSN_Blank,New,Negative,,Title Loan,,,,,,,,,,,,,,,,,,,,,,,,,,,,,,,,,,,,,,,,,,,,,SSN cannot be left blank. Please enter information.
PDL_SSN_Blank,New,Negative,,Payday Loan,,,,,,,,,,,,,,,,,,,,,,,,,,,,,,,,,,,,,,,,,,,,,SSN cannot be left blank. Please enter information.
LOC_ConfirmSSN_Blank,New,Negative,,Line of Credit,311_Random,,,,,,,,,,,,,,,,,,,,,,,,,,,,,,,,,,,,,,,,,,,,Confirm SSN can not be left blank.Please Enter information
TLP_ConfirmSSN_Blank,New,Negative,,Title Loan,211_Random,,,,,,,,,,,,,,,,,,,,,,,,,,,,,,,,,,,,,,,,,,,,Confirm SSN can not be left blank.Please Enter information
PDL_ConfirmSSN_Blank,New,Negative,,Payday Loan,CDF(StateData.PayDay_SSN),,,,,,,,,,,,,,,,,,,,,,,,,,,,,,,,,,,,,,,,,,,,Confirm SSN can not be left blank.Please Enter information
LOC_LastName_Blank,New,Negative,,Line of Credit,311_Random,SAME AS SSN,,,,,,,,,,,No,,,,,,,,,,,,,,,,,,,,,,,,,,,,,,,,Last Name should not be left blank. Please enter information.
TLP_LastName_Blank,New,Negative,,Title Loan,211_Random,SAME AS SSN,,,,,,,,,,,No,,,,,,,,,,,,,,,,,,,,,,,,,,Blue,6,6,,,,Last Name should not be left blank. Please enter information.
PDL_LastName_Blank,New,Negative,,Payday Loan,CDF(StateData.PayDay_SSN),SAME AS SSN,,,,,,,,,,,No,,,,,,,,,,,,,,,,,,,,,,,,,,,,,,,,Last Name should not be left blank. Please enter information.
LOC_LastName_Numeric,New,Negative,,Line of Credit,311_Random,SAME AS SSN,,123,,,,,,,,,No,,,,,,,,,,,,,,,,,,,,,,,,,,,,,,,,Please enter valid Last Name
TLP_LastName_Numeric,New,Negative,,Title Loan,211_Random,SAME AS SSN,,123,,,,,,,,,No,,,,,,,,,,,,,,,,,,,,,,,,,,Blue,6,6,,,,Please enter valid Last Name
PDL_LastName_Numeric,New,Negative,,Payday Loan,CDF(StateData.PayDay_SSN),SAME AS SSN,,123,,,,,,,,,No,,,,,,,,,,,,,,,,,,,,,,,,,,,,,,,,Please enter valid Last Name
LOC_LastName_AlphaNumeric,New,Negative,,Line of Credit,311_Random,SAME AS SSN,,abc123,,,,,,,,,No,,,,,,,,,,,,,,,,,,,,,,,,,,,,,,,,Please enter valid Last Name
TLP_LastName_AlphaNumeric,New,Negative,,Title Loan,211_Random,SAME AS SSN,,abc123,,,,,,,,,No,,,,,,,,,,,,,,,,,,,,,,,,,,Blue,6,6,,,,Please enter valid Last Name
PDL_LastName_AlphaNumeric,New,Negative,,Payday Loan,CDF(StateData.PayDay_SSN),SAME AS SSN,,abc123,,,,,,,,,No,,,,,,,,,,,,,,,,,,,,,,,,,,,,,,,,Please enter valid Last Name
LOC_FirstName_Blank,New,Negative,,Line of Credit,311_Random,SAME AS SSN,,Negative,,,,,,,,,No,,,,,,,,,,,,,,,,,,,,,,,,,,,,,,,,First Name should not be left blank. Please enter information.
TLP_FirstName_Blank,New,Negative,,Title Loan,211_Random,SAME AS SSN,,Negative,,,,,,,,,No,,,,,,,,,,,,,,,,,,,,,,,,,,Blue,6,6,,,,First Name should not be left blank. Please enter information.
PDL_FirstName_Blank,New,Negative,,Payday Loan,CDF(StateData.PayDay_SSN),SAME AS SSN,,Negative,,,,,,,,,No,,,,,,,,,,,,,,,,,,,,,,,,,,,,,,,,First Name should not be left blank. Please enter information.
LOC_FirstName_Numeric,New,Negative,,Line of Credit,311_Random,SAME AS SSN,,Negative,123,,,,,,,,No,,,,,,,,,,,,,,,,,,,,,,,,,,,,,,,,Please enter valid First Name
TLP_FirstName_Numeric,New,Negative,,Title Loan,211_Random,SAME AS SSN,,Negative,123,,,,,,,,No,,,,,,,,,,,,,,,,,,,,,,,,,,Blue,6,6,,,,Please enter valid First Name
PDL_FirstName_Numeric,New,Negative,,Payday Loan,CDF(StateData.PayDay_SSN),SAME AS SSN,,Negative,123,,,,,,,,No,,,,,,,,,,,,,,,,,,,,,,,,,,,,,,,,Please enter valid First Name
LOC_FirstName_AlphaNumeric,New,Negative,,Line of Credit,311_Random,SAME AS SSN,,Negative,abc123,,,,,,,,No,,,,,,,,,,,,,,,,,,,,,,,,,,,,,,,,Please enter valid First Name
TLP_FirstName_AlphaNumeric,New,Negative,,Title Loan,211_Random,SAME AS SSN,,Negative,abc123,,,,,,,,No,,,,,,,,,,,,,,,,,,,,,,,,,,Blue,6,6,,,,Please enter valid First Name
PDL_FirstName_AlphaNumeric,New,Negative,,Payday Loan,CDF(StateData.PayDay_SSN),SAME AS SSN,,Negative,abc123,,,,,,,,No,,,,,,,,,,,,,,,,,,,,,,,,,,,,,,,,Please enter valid First Name
LOC_MiddleName_Numeric,New,Negative,,Line of Credit,311_Random,SAME AS SSN,,Negative,LOC,123,,,,,,,No,,,,,,,,,,,,,,,,,,,,,,,,,,,,,,,,Please enter valid Middle Name
TLP_MiddleName_Numeric,New,Negative,,Title Loan,211_Random,SAME AS SSN,,Negative,TITLE,123,,,,,,,No,,,,,,,,,,,,,,,,,,,,,,,,,,Blue,6,6,,,,Please enter valid Middle Name
PDL_MiddleName_Numeric,New,Negative,,Payday Loan,CDF(StateData.PayDay_SSN),SAME AS SSN,,Negative,PDL,123,,,,,,,No,,,,,,,,,,,,,,,,,,,,,,,,,,,,,,,,Please enter valid Middle Name
LOC_MiddleName_AlphaNumeric,New,Negative,,Line of Credit,311_Random,SAME AS SSN,,Negative,LOC,abc123,,,,,,,No,,,,,,,,,,,,,,,,,,,,,,,,,,,,,,,,Please enter valid Middle Name
TLP_MiddleName_AlphaNumeric,New,Negative,,Title Loan,211_Random,SAME AS SSN,,Negative,TITLE,abc123,,,,,,,No,,,,,,,,,,,,,,,,,,,,,,,,,,Blue,6,6,,,,Please enter valid Middle Name
PDL_MiddleName_AlphaNumeric,New,Negative,,Payday Loan,CDF(StateData.PayDay_SSN),SAME AS SSN,,Negative,PDL,abc123,,,,,,,No,,,,,,,,,,,,,,,,,,,,,,,,,,,,,,,,Please enter valid Middle Name
LOC_AddL1_Blank,New,Negative,,Line of Credit,311_Random,SAME AS SSN,,Negative,LOC,middle,,,,,,,No,,,,,,,,,,,,,,,,,,,,,,,,,,,,,,,,Address Line 1 should not be left blank. Please enter information.
TLP_AddL1_Blank,New,Negative,,Title Loan,211_Random,SAME AS SSN,,Negative,TITLE,middle,,,,,,,No,,,,,,,,,,,,,,,,,,,,,,,,,,Blue,6,6,,,,Address Line 1 should not be left blank. Please enter information.
PDL_AddL1_Blank,New,Negative,,Payday Loan,CDF(StateData.PayDay_SSN),SAME AS SSN,,Negative,PDL,middle,,,,,,,No,,,,,,,,,,,,,,,,,,,,,,,,,,,,,,,,Address Line 1 should not be left blank. Please enter information.
LOC_City_Numeric,New,Negative,,Line of Credit,311_Random,SAME AS SSN,,Negative,LOC,middle,100 Automation Test Blvd,Selenium Avenue,123,CDF(StateData.State),CDF(StateData.ZipCode),10,Yes,500,Sr.,Y,,,,,,,,,,,,,,,,,,,,,,,,,,,,,City only accept alphabets. Please enter valid data
TLP_City_Numeric,New,Negative,,Title Loan,211_Random,SAME AS SSN,,Negative,TITLE,middle,100 Automation Test Blvd,Selenium Avenue,123,CDF(StateData.State),CDF(StateData.ZipCode),10,Yes,500,Sr.,Y,,,,,,,,,,,,,,,,,,,,,,,Blue,6,6,,,,City only accept alphabets. Please enter valid data
PDL_City_Numeric,New,Negative,,Payday Loan,CDF(StateData.PayDay_SSN),SAME AS SSN,,Negative,PDL,middle,100 Automation Test Blvd,Selenium Avenue,123,CDF(StateData.State),CDF(StateData.ZipCode),10,Yes,500,Sr.,Y,,,,,,,,,,,,,,,,,,,,,,,,,,,,,City only accept alphabets. Please enter valid data
LOC_City_AlphaNumeric,New,Negative,,Line of Credit,311_Random,SAME AS SSN,,Negative,LOC,middle,100 Automation Test Blvd,Selenium Avenue,abc123,CDF(StateData.State),CDF(StateData.ZipCode),10,Yes,500,Sr.,Y,,,,,,,,,,,,,,,,,,,,,,,,,,,,,City only accept alphabets. Please enter valid data
TLP_City_AlphaNumeric,New,Negative,,Title Loan,211_Random,SAME AS SSN,,Negative,TITLE,middle,100 Automation Test Blvd,Selenium Avenue,abc123,CDF(StateData.State),CDF(StateData.ZipCode),10,Yes,500,Sr.,Y,,,,,,,,,,,,,,,,,,,,,,,Blue,6,6,,,,City only accept alphabets. Please enter valid data
PDL_City_AlphaNumeric,New,Negative,,Payday Loan,CDF(StateData.PayDay_SSN),SAME AS SSN,,Negative,PDL,middle,100 Automation Test Blvd,Selenium Avenue,abc123,CDF(StateData.State),CDF(StateData.ZipCode),10,Yes,500,Sr.,Y,,,,,,,,,,,,,,,,,,,,,,,,,,,,,City only accept alphabets. Please enter valid data
LOC_Zip_4digit,New,NegativePopup,,Line of Credit,311_Random,SAME AS SSN,,Negative,LOC,middle,100 Automation Test Blvd,Selenium Avenue,CDF(StateData.City),CDF(StateData.State),1234,,,,,,,,,,,,,,,,,,,,,,,,,,,,,,,,,,State and Zip Code doesn't match. Please re-enter
TLP_Zip_4digit,New,NegativePopup,,Title Loan,211_Random,SAME AS SSN,,Negative,TITLE,middle,100 Automation Test Blvd,Selenium Avenue,CDF(StateData.City),CDF(StateData.State),1234,,,,,,,,,,,,,,,,,,,,,,,,,,,,Blue,6,6,,,,State and Zip Code doesn't match. Please re-enter
PDL_Zip_4digit,New,NegativePopup,,Payday Loan,CDF(StateData.PayDay_SSN),SAME AS SSN,,Negative,PDL,middle,100 Automation Test Blvd,Selenium Avenue,CDF(StateData.City),CDF(StateData.State),1234,,,,,,,,,,,,,,,,,,,,,,,,,,,,,,,,,,State and Zip Code doesn't match. Please re-enter
LOC_Zip_AlphaNumeric,New,NegativePopup,,Line of Credit,311_Random,SAME AS SSN,,Negative,LOC,middle,100 Automation Test Blvd,Selenium Avenue,CDF(StateData.City),CDF(StateData.State),abc123,,,,,,,,,,,,,,,,,,,,,,,,,,,,,,,,,,State and Zip Code doesn't match. Please re-enter
TLP_Zip_AlphaNumeric,New,NegativePopup,,Title Loan,211_Random,SAME AS SSN,,Negative,TITLE,middle,100 Automation Test Blvd,Selenium Avenue,CDF(StateData.City),CDF(StateData.State),abc123,,,,,,,,,,,,,,,,,,,,,,,,,,,,Blue,6,6,,,,State and Zip Code doesn't match. Please re-enter
PDL_Zip_AlphaNumeric,New,NegativePopup,,Payday Loan,CDF(StateData.PayDay_SSN),SAME AS SSN,,Negative,PDL,middle,100 Automation Test Blvd,Selenium Avenue,CDF(StateData.City),CDF(StateData.State),abc123,,,,,,,,,,,,,,,,,,,,,,,,,,,,,,,,,,State and Zip Code doesn't match. Please re-enter
LOC_AddrMonths_Blank,New,Negative,,Line of Credit,311_Random,SAME AS SSN,,Negative,LOC,middle,100 Automation Test Blvd,Selenium Avenue,CDF(StateData.City),CDF(StateData.State),CDF(StateData.ZipCode),,Yes,500,Sr.,Y,,,,,,,,,,,,,,,,,,,,,,,,,,,,,Months at Address should not be left blank. Please enter information.
TLP_AddrMonths_Blank,New,Negative,,Title Loan,211_Random,SAME AS SSN,,Negative,TITLE,middle,100 Automation Test Blvd,Selenium Avenue,CDF(StateData.City),CDF(StateData.State),CDF(StateData.ZipCode),,Yes,500,Sr.,Y,,,,,,,,,,,,,,,,,,,,,,,Blue,6,6,,,,Months at Address should not be left blank. Please enter information.
PDL_AddrMonths_Blank,New,Negative,,Payday Loan,CDF(StateData.PayDay_SSN),SAME AS SSN,,Negative,PDL,middle,100 Automation Test Blvd,Selenium Avenue,CDF(StateData.City),CDF(StateData.State),CDF(StateData.ZipCode),,Yes,500,Sr.,Y,,,,,,,,,,,,,,,,,,,,,,,,,,,,,Months at Address should not be left blank. Please enter information.
LOC_PrimPhone_Blank,New,Negative,,Line of Credit,311_Random,SAME AS SSN,,Negative,LOC,middle,100 Automation Test Blvd,Selenium Avenue,CDF(StateData.City),CDF(StateData.State),CDF(StateData.ZipCode),10,Yes,500,Sr.,Y,,,,,,,,,,,,,,,,,,,,,,,,,,,,,Primary Phone Nbr cannot be left blank. Please enter information.
TLP_PrimPhone_Blank,New,Negative,,Title Loan,211_Random,SAME AS SSN,,Negative,TITLE,middle,100 Automation Test Blvd,Selenium Avenue,CDF(StateData.City),CDF(StateData.State),CDF(StateData.ZipCode),10,Yes,500,Sr.,Y,,,,,,,,,,,,,,,,,,,,,,,Blue,6,6,,,,Primary Phone Nbr cannot be left blank. Please enter information.
PDL_PrimPhone_Blank,New,Negative,,Payday Loan,CDF(StateData.PayDay_SSN),SAME AS SSN,,Negative,PDL,middle,100 Automation Test Blvd,Selenium Avenue,CDF(StateData.City),CDF(StateData.State),CDF(StateData.ZipCode),10,Yes,500,Sr.,Y,,,,,,,,,,,,,,,,,,,,,,,,,,,,,Primary Phone Nbr cannot be left blank. Please enter information.
LOC_PrimPhone_lessthan10digit,New,Negative,,Line of Credit,311_Random,SAME AS SSN,,Negative,LOC,middle,100 Automation Test Blvd,Selenium Avenue,CDF(StateData.City),CDF(StateData.State),CDF(StateData.ZipCode),10,Yes,500,Sr.,Y,,,,,,123-456-789,,,,,,,,,,,,,,,,,,,,,,,Primary Phone Nbr must be at least 10 digits. Please re-enter.
TLP_PrimPhone_lessthan10digit,New,Negative,,Title Loan,211_Random,SAME AS SSN,,Negative,TITLE,middle,100 Automation Test Blvd,Selenium Avenue,CDF(StateData.City),CDF(StateData.State),CDF(StateData.ZipCode),10,Yes,500,Sr.,Y,,,,,,123-456-789,,,,,,,,,,,,,,,,,Blue,6,6,,,,Primary Phone Nbr must be at least 10 digits. Please re-enter.
PDL_PrimPhone_lessthan10digit,New,Negative,,Payday Loan,CDF(StateData.PayDay_SSN),SAME AS SSN,,Negative,PDL,middle,100 Automation Test Blvd,Selenium Avenue,CDF(StateData.City),CDF(StateData.State),CDF(StateData.ZipCode),10,Yes,500,Sr.,Y,,,,,,123-456-789,,,,,,,,,,,,,,,,,,,,,,,Primary Phone Nbr must be at least 10 digits. Please re-enter.
LOC_PrimPhone_morethan10digit,New,Negative,,Line of Credit,311_Random,SAME AS SSN,,Negative,LOC,middle,100 Automation Test Blvd,Selenium Avenue,CDF(StateData.City),CDF(StateData.State),CDF(StateData.ZipCode),10,Yes,500,Sr.,Y,,,,,,123-456-78900,,,,,,,,,,,,,,,,,,,,,,,Primary Phone Nbr must be at least 10 digits. Please re-enter.
TLP_PrimPhone_morethan10digit,New,Negative,,Title Loan,211_Random,SAME AS SSN,,Negative,TITLE,middle,100 Automation Test Blvd,Selenium Avenue,CDF(StateData.City),CDF(StateData.State),CDF(StateData.ZipCode),10,Yes,500,Sr.,Y,,,,,,123-456-78900,,,,,,,,,,,,,,,,,Blue,6,6,,,,Primary Phone Nbr must be at least 10 digits. Please re-enter.
PDL_PrimPhone_morethan10digit,New,Negative,,Payday Loan,CDF(StateData.PayDay_SSN),SAME AS SSN,,Negative,PDL,middle,100 Automation Test Blvd,Selenium Avenue,CDF(StateData.City),CDF(StateData.State),CDF(StateData.ZipCode),10,Yes,500,Sr.,Y,,,,,,123-456-78900,,,,,,,,,,,,,,,,,,,,,,,Primary Phone Nbr must be at least 10 digits. Please re-enter.
LOC_PrimPhoneType_Blank,New,Negative,,Line of Credit,311_Random,SAME AS SSN,,Negative,LOC,middle,100 Automation Test Blvd,Selenium Avenue,CDF(StateData.City),CDF(StateData.State),CDF(StateData.ZipCode),10,Yes,500,Sr.,Y,,,,,,Random,,,,,,,,,,,,,,,,,,,,,,,Phone Type should not be left blank.Please enter information
TLP_PrimPhoneType_Blank,New,Negative,,Title Loan,211_Random,SAME AS SSN,,Negative,TITLE,middle,100 Automation Test Blvd,Selenium Avenue,CDF(StateData.City),CDF(StateData.State),CDF(StateData.ZipCode),10,Yes,500,Sr.,Y,,,,,,Random,,,,,,,,,,,,,,,,,Blue,6,6,,,,Phone Type should not be left blank.Please enter information
PDL_PrimPhoneType_Blank,New,Negative,,Payday Loan,CDF(StateData.PayDay_SSN),SAME AS SSN,,Negative,PDL,middle,100 Automation Test Blvd,Selenium Avenue,CDF(StateData.City),CDF(StateData.State),CDF(StateData.ZipCode),10,Yes,500,Sr.,Y,,,,,,Random,,,,,,,,,,,,,,,,,,,,,,,Phone Type should not be left blank.Please enter information
LOC_SecPhoneType_Blank,New,Negative,,Line of Credit,311_Random,SAME AS SSN,,Negative,LOC,middle,100 Automation Test Blvd,Selenium Avenue,CDF(StateData.City),CDF(StateData.State),CDF(StateData.ZipCode),10,Yes,500,Sr.,Y,,,,,,Random,,Home,Random,,,Random,,,,,,,,,,,,,,,,,Secondary Phone Type should not be left blank.Please enter information.
TLP_SecPhoneType_Blank,New,Negative,,Title Loan,211_Random,SAME AS SSN,,Negative,TITLE,middle,100 Automation Test Blvd,Selenium Avenue,CDF(StateData.City),CDF(StateData.State),CDF(StateData.ZipCode),10,Yes,500,Sr.,Y,,,,,,Random,,Home,Random,,,Random,,,,,,,,,,,Blue,6,6,,,,Secondary Phone Type should not be left blank.Please enter information.
PDL_SecPhoneType_Blank,New,Negative,,Payday Loan,CDF(StateData.PayDay_SSN),SAME AS SSN,,Negative,PDL,middle,100 Automation Test Blvd,Selenium Avenue,CDF(StateData.City),CDF(StateData.State),CDF(StateData.ZipCode),10,Yes,500,Sr.,Y,,,,,,Random,,Home,Random,,,Random,,,,,,,,,,,,,,,,,Secondary Phone Type should not be left blank.Please enter information.
LOC_Email_Blank,New,Negative,,Line of Credit,311_Random,SAME AS SSN,,Negative,LOC,middle,100 Automation Test Blvd,Selenium Avenue,CDF(StateData.City),CDF(StateData.State),CDF(StateData.ZipCode),10,Yes,500,Sr.,Y,,,,,,Random,,Cell,,,,,,,,,,,,,,,,,,,,,E-mail should not be left blank.Please enter information.
TLP_Email_Blank,New,Negative,,Title Loan,211_Random,SAME AS SSN,,Negative,TITLE,middle,100 Automation Test Blvd,Selenium Avenue,CDF(StateData.City),CDF(StateData.State),CDF(StateData.ZipCode),10,Yes,500,Sr.,Y,,,,,,Random,,Cell,,,,,,,,,,,,,,,Blue,6,6,,,,E-mail should not be left blank.Please enter information.
PDL_Email_Blank,New,Negative,,Payday Loan,CDF(StateData.PayDay_SSN),SAME AS SSN,,Negative,PDL,middle,100 Automation Test Blvd,Selenium Avenue,CDF(StateData.City),CDF(StateData.State),CDF(StateData.ZipCode),10,Yes,500,Sr.,Y,,,,,,Random,,Cell,,,,,,,,,,,,,,,,,,,,,E-mail should not be left blank.Please enter information.
LOC_Email_Invalid,New,Negative,,Line of Credit,311_Random,SAME AS SSN,,Negative,LOC,middle,100 Automation Test Blvd,Selenium Avenue,CDF(StateData.City),CDF(StateData.State),CDF(StateData.ZipCode),10,Yes,500,Sr.,Y,,,,,,Random,,Cell,,,,abc@123,,,,,,,,,,,,,,,,,"Please Enter a valid E-mail format 

Example:name@yahoo.com."
TLP_Email_Invalid,New,Negative,,Title Loan,211_Random,SAME AS SSN,,Negative,TITLE,middle,100 Automation Test Blvd,Selenium Avenue,CDF(StateData.City),CDF(StateData.State),CDF(StateData.ZipCode),10,Yes,500,Sr.,Y,,,,,,Random,,Cell,,,,abc123@%^.com,,,,,,,,,,,Blue,6,6,,,,"Please Enter a valid E-mail format 

Example:name@yahoo.com."
PDL_Email_Invalid,New,Negative,,Payday Loan,CDF(StateData.PayDay_SSN),SAME AS SSN,,Negative,PDL,middle,100 Automation Test Blvd,Selenium Avenue,CDF(StateData.City),CDF(StateData.State),CDF(StateData.ZipCode),10,Yes,500,Sr.,Y,,,,,,Random,,Cell,,,,abc 123@mail.com,,,,,,,,,,,,,,,,,"Please Enter a valid E-mail format 

Example:name@yahoo.com."
LOC_PhotoIdNbr_Invalid,New,Negative,,Line of Credit,311_Random,SAME AS SSN,,Negative,LOC,middle,100 Automation Test Blvd,Selenium Avenue,CDF(StateData.City),CDF(StateData.State),CDF(StateData.ZipCode),10,Yes,500,Sr.,Y,,,,,,Random,,Home,Random,,Cell,Random,,,,,,,,,,,,,,,,,Photo ID Nbr cannot be left blank. Please enter information.
TLP_PhotoIdNbr_Invalid,New,Negative,,Title Loan,211_Random,SAME AS SSN,,Negative,TITLE,middle,100 Automation Test Blvd,Selenium Avenue,CDF(StateData.City),CDF(StateData.State),CDF(StateData.ZipCode),10,Yes,500,Sr.,Y,,,,,,Random,,Home,Random,,Cell,Random,,,,,,,,,,,Blue,6,6,,,,Photo ID Nbr cannot be left blank. Please enter information.
PDL_PhotoIdNbr_Invalid,New,Negative,,Payday Loan,CDF(StateData.PayDay_SSN),SAME AS SSN,,Negative,PDL,middle,100 Automation Test Blvd,Selenium Avenue,CDF(StateData.City),CDF(StateData.State),CDF(StateData.ZipCode),10,Yes,500,Sr.,Y,,,,,,Random,,Home,Random,,Cell,Random,,,,,,,,,,,,,,,,,Photo ID Nbr cannot be left blank. Please enter information.
LOC_PhotoIdNbr_SplChr,New,Negative,,Line of Credit,311_Random,SAME AS SSN,,Negative,LOC,middle,100 Automation Test Blvd,Selenium Avenue,CDF(StateData.City),CDF(StateData.State),CDF(StateData.ZipCode),10,Yes,500,Sr.,Y,,,,,,Random,,Home,Random,,Cell,Random,,,,,special @!,,,,,,,,,,,,Photo ID Nbr field cannot accept special characters.
TLP_PhotoIdNbr_SplChr,New,Negative,,Title Loan,211_Random,SAME AS SSN,,Negative,TITLE,middle,100 Automation Test Blvd,Selenium Avenue,CDF(StateData.City),CDF(StateData.State),CDF(StateData.ZipCode),10,Yes,500,Sr.,Y,,,,,,Random,,Home,Random,,Cell,Random,,,,,special @!,,,,,,Blue,6,6,,,,Photo ID Nbr field cannot accept special characters.
PDL_PhotoIdNbr_SplChr,New,Negative,,Payday Loan,CDF(StateData.PayDay_SSN),SAME AS SSN,,Negative,PDL,middle,100 Automation Test Blvd,Selenium Avenue,CDF(StateData.City),CDF(StateData.State),CDF(StateData.ZipCode),10,Yes,500,Sr.,Y,,,,,,Random,,Home,Random,,Cell,Random,,,,,special @!,,,,,,,,,,,,Photo ID Nbr field cannot accept special characters.
LOC_PhotoIdState_Blank,New,Negative,,Line of Credit,311_Random,SAME AS SSN,,Negative,LOC,middle,100 Automation Test Blvd,Selenium Avenue,CDF(StateData.City),CDF(StateData.State),CDF(StateData.ZipCode),10,Yes,500,Sr.,Y,,,,,,Random,,Home,Random,,Cell,Random,,,,,Random,,,,,,,,,,,,The State under which the Photo ID Nbr has been issued is required.
TLP_PhotoIdState_Blank,New,Negative,,Title Loan,211_Random,SAME AS SSN,,Negative,TITLE,middle,100 Automation Test Blvd,Selenium Avenue,CDF(StateData.City),CDF(StateData.State),CDF(StateData.ZipCode),10,Yes,500,Sr.,Y,,,,,,Random,,Home,Random,,Cell,Random,,,,,Random,,,,,,Blue,6,6,,,,The State under which the Photo ID Nbr has been issued is required.
PDL_PhotoIdState_Blank,New,Negative,,Payday Loan,CDF(StateData.PayDay_SSN),SAME AS SSN,,Negative,PDL,middle,100 Automation Test Blvd,Selenium Avenue,CDF(StateData.City),CDF(StateData.State),CDF(StateData.ZipCode),10,Yes,500,Sr.,Y,,,,,,Random,,Home,Random,,Cell,Random,,,,,Random,,,,,,,,,,,,The State under which the Photo ID Nbr has been issued is required.
LOC_PhotoIdType_Blank,New,Negative,,Line of Credit,311_Random,SAME AS SSN,,Negative,LOC,middle,100 Automation Test Blvd,Selenium Avenue,CDF(StateData.City),CDF(StateData.State),CDF(StateData.ZipCode),10,Yes,500,Sr.,Y,,,,,,Random,,Home,Random,,Cell,Random,,,,,Random,CDF(StateData.State),,,,,,,,,,,Photo ID Type cannot be left blank.Please enter information.
TLP_PhotoIdType_Blank,New,Negative,,Title Loan,211_Random,SAME AS SSN,,Negative,TITLE,middle,100 Automation Test Blvd,Selenium Avenue,CDF(StateData.City),CDF(StateData.State),CDF(StateData.ZipCode),10,Yes,500,Sr.,Y,,,,,,Random,,Home,Random,,Cell,Random,,,,,Random,CDF(StateData.State),,,,,Blue,6,6,,,,Photo ID Type cannot be left blank.Please enter information.
PDL_PhotoIdType_Blank,New,Negative,,Payday Loan,CDF(StateData.PayDay_SSN),SAME AS SSN,,Negative,PDL,middle,100 Automation Test Blvd,Selenium Avenue,CDF(StateData.City),CDF(StateData.State),CDF(StateData.ZipCode),10,Yes,500,Sr.,Y,,,,,,Random,,Home,Random,,Cell,Random,,,,,Random,CDF(StateData.State),,,,,,,,,,,Photo ID Type cannot be left blank.Please enter information.
LOC_PhotoIDZip_Blank,New,Negative,,Line of Credit,311_Random,SAME AS SSN,,Negative,LOC,middle,100 Automation Test Blvd,Selenium Avenue,CDF(StateData.City),CDF(StateData.State),CDF(StateData.ZipCode),10,Yes,500,Sr.,Y,,,,,,Random,,Home,Random,,Cell,Random,,,,,Random,CDF(StateData.State),,Drivers license,,,,,,,,,ID Zip Code should not be left blank. Please enter information.
TLP_PhotoIDZip_Blank,New,Negative,,Title Loan,211_Random,SAME AS SSN,,Negative,TITLE,middle,100 Automation Test Blvd,Selenium Avenue,CDF(StateData.City),CDF(StateData.State),CDF(StateData.ZipCode),10,Yes,500,Sr.,Y,,,,,,Random,,Home,Random,,Cell,Random,,,,,Random,CDF(StateData.State),,Drivers license,,,Blue,6,6,,,,ID Zip Code should not be left blank. Please enter information.
PDL_PhotoIDZip_Blank,New,Negative,,Payday Loan,CDF(StateData.PayDay_SSN),SAME AS SSN,,Negative,PDL,middle,100 Automation Test Blvd,Selenium Avenue,CDF(StateData.City),CDF(StateData.State),CDF(StateData.ZipCode),10,Yes,500,Sr.,Y,,,,,,Random,,Home,Random,,Cell,Random,,,,,Random,CDF(StateData.State),,Drivers license,,,,,,,,,ID Zip Code should not be left blank. Please enter information.
LOC_PhotoIDZip_Mismatch,New,NegativePopup,,Line of Credit,311_Random,SAME AS SSN,,Negative,LOC,middle,100 Automation Test Blvd,Selenium Avenue,CDF(StateData.City),CDF(StateData.State),CDF(StateData.ZipCode),10,Yes,500,Sr.,Y,,,,,,Random,,Home,Random,,Cell,Random,,,,,Random,CDF(StateData.State),,Drivers license,12345,,,,,,,,ID State and ID ZipCode doesn't match. Please re-enter
TLP_PhotoIDZip_Mismatch,New,NegativePopup,,Title Loan,211_Random,SAME AS SSN,,Negative,TITLE,middle,100 Automation Test Blvd,Selenium Avenue,CDF(StateData.City),CDF(StateData.State),CDF(StateData.ZipCode),10,Yes,500,Sr.,Y,,,,,,Random,,Home,Random,,Cell,Random,,,,,Random,CDF(StateData.State),,Drivers license,12345,,,,,,,,ID State and ID ZipCode doesn't match. Please re-enter
PDL_PhotoIDZip_Mismatch,New,NegativePopup,,Payday Loan,CDF(StateData.PayDay_SSN),SAME AS SSN,,Negative,PDL,middle,100 Automation Test Blvd,Selenium Avenue,CDF(StateData.City),CDF(StateData.State),CDF(StateData.ZipCode),10,Yes,500,Sr.,Y,,,,,,Random,,Home,Random,,Cell,Random,,,,,Random,CDF(StateData.State),,Drivers license,12345,,,,,,,,ID State and ID ZipCode doesn't match. Please re-enter
LOC_DOB_Blank,New,Negative,,Line of Credit,311_Random,SAME AS SSN,,Negative,LOC,middle,100 Automation Test Blvd,Selenium Avenue,CDF(StateData.City),CDF(StateData.State),CDF(StateData.ZipCode),10,Yes,500,Sr.,Y,,,,,,Random,,Home,Random,,Cell,Random,,,,,Random,CDF(StateData.State),,Drivers license,CDF(StateData.ZipCode),,,,,,,,Dob cannot be left blank. Please enter information.
TLP_DOB_Blank,New,Negative,,Title Loan,211_Random,SAME AS SSN,,Negative,TITLE,middle,100 Automation Test Blvd,Selenium Avenue,CDF(StateData.City),CDF(StateData.State),CDF(StateData.ZipCode),10,Yes,500,Sr.,Y,,,,,,Random,,Home,Random,,Cell,Random,,,,,Random,CDF(StateData.State),,Drivers license,CDF(StateData.ZipCode),,Blue,6,6,,,,Dob cannot be left blank. Please enter information.
PDL_DOB_Blank,New,Negative,,Payday Loan,CDF(StateData.PayDay_SSN),SAME AS SSN,,Negative,PDL,middle,100 Automation Test Blvd,Selenium Avenue,CDF(StateData.City),CDF(StateData.State),CDF(StateData.ZipCode),10,Yes,500,Sr.,Y,,,,,,Random,,Home,Random,,Cell,Random,,,,,Random,CDF(StateData.State),,Drivers license,CDF(StateData.ZipCode),,,,,,,,Dob cannot be left blank. Please enter information.
LOC_IDExpiry_Invalid,New,Negative,,Line of Credit,311_Random,SAME AS SSN,,Negative,LOC,middle,100 Automation Test Blvd,Selenium Avenue,CDF(StateData.City),CDF(StateData.State),CDF(StateData.ZipCode),10,Yes,500,Sr.,Y,,,,,,Random,,Home,Random,,Cell,Random,,,,,Random,CDF(StateData.State),12/12/12,Drivers license,CDF(StateData.ZipCode),12/12/1987,,,,,,,"Date fields must be entered as 

 ""MM/DD/YYYY"". Please re-enter."
TLP_IDExpiry_Invalid,New,Negative,,Title Loan,211_Random,SAME AS SSN,,Negative,TITLE,middle,100 Automation Test Blvd,Selenium Avenue,CDF(StateData.City),CDF(StateData.State),CDF(StateData.ZipCode),10,Yes,500,Sr.,Y,,,,,,Random,,Home,Random,,Cell,Random,,,,,Random,CDF(StateData.State),12/12/12,Drivers license,CDF(StateData.ZipCode),12/12/1987,Blue,6,6,,,,"Date fields must be entered as 

 ""MM/DD/YYYY"". Please re-enter."
PDL_IDExpiry_Invalid,New,Negative,,Payday Loan,CDF(StateData.PayDay_SSN),SAME AS SSN,,Negative,PDL,middle,100 Automation Test Blvd,Selenium Avenue,CDF(StateData.City),CDF(StateData.State),CDF(StateData.ZipCode),10,Yes,500,Sr.,Y,,,,,,Random,,Home,Random,,Cell,Random,,,,,Random,CDF(StateData.State),12/12/12,Drivers license,CDF(StateData.ZipCode),12/12/1987,,,,,,,"Date fields must be entered as 

 ""MM/DD/YYYY"". Please re-enter."
Ibbu_Data,New,Negative,,Payday Loan,CDF(StateData.SSN),SAME AS SSN,,Negative,LOC,middle,100 Automation Test Blvd,Selenium Avenue,CDF(StateData.City),CDF(StateData.State),CDF(StateData.ZipCode),10,Yes,500,Sr.,Y,,,,,,Random,,Home,Random,,Cell,Random,,,,,Random,CDF(StateData.State),12/12/2001,Drivers license,CDF(StateData.ZipCode),12/12/1987,,,,,,,Date fields must be entered as
INST_SSN_Mismatch,New,Negative,,Installment Loan,777-11-1021,777-11-1022,,,,,,,,,,,,,,,,,,,,,,,,,,,,,,,,,,,,,,,,,,,SSN and Confirm SSN do not match
INST_SSN_Blank,New,Negative,,Installment Loan,,,,,,,,,,,,,,,,,,,,,,,,,,,,,,,,,,,,,,,,,,,,,SSN cannot be left blank. Please enter information.
INST_ConfirmSSN_Blank,New,Negative,,Installment Loan,CDF(StateData.Installmet_SSN ),,,,,,,,,,,,,,,,,,,,,,,,,,,,,,,,,,,,,,,,,,,,Confirm SSN can not be left blank.Please Enter information
INST_LastName_Blank,New,Negative,,Installment Loan,CDF(StateData.Installmet_SSN ),SAME AS SSN,,,,,,,,,,,No,,,,,,,,,,,,,,,,,,,,,,,,,,,,,,,,Last Name should not be left blank. Please enter information.
INST_LastName_Numeric,New,Negative,,Installment Loan,CDF(StateData.Installmet_SSN ),SAME AS SSN,,123,,,,,,,,,No,,,,,,,,,,,,,,,,,,,,,,,,,,,,,,,,Please enter valid Last Name
INST_LastName_AlphaNumeric,New,Negative,,Installment Loan,CDF(StateData.Installmet_SSN ),SAME AS SSN,,abc123,,,,,,,,,No,,,,,,,,,,,,,,,,,,,,,,,,,,,,,,,,Please enter valid Last Name
INST_FirstName_Blank,New,Negative,,Installment Loan,CDF(StateData.Installmet_SSN ),SAME AS SSN,,Negative,,,,,,,,,No,,,,,,,,,,,,,,,,,,,,,,,,,,,,,,,,First Name should not be left blank. Please enter information.
INST_FirstName_Numeric,New,Negative,,Installment Loan,CDF(StateData.Installmet_SSN ),SAME AS SSN,,Negative,123,,,,,,,,No,,,,,,,,,,,,,,,,,,,,,,,,,,,,,,,,Please enter valid First Name
INST_FirstName_AlphaNumeric,New,Negative,,Installment Loan,CDF(StateData.Installmet_SSN ),SAME AS SSN,,Negative,abc123,,,,,,,,No,,,,,,,,,,,,,,,,,,,,,,,,,,,,,,,,Please enter valid First Name
INST_MiddleName_Numeric,New,Negative,,Installment Loan,CDF(StateData.Installmet_SSN ),SAME AS SSN,,Negative,INST,123,,,,,,,No,,,,,,,,,,,,,,,,,,,,,,,,,,,,,,,,Please enter valid Middle Name
INST_MiddleName_AlphaNumeric,New,Negative,,Installment Loan,CDF(StateData.Installmet_SSN ),SAME AS SSN,,Negative,INST,abc123,,,,,,,No,,,,,,,,,,,,,,,,,,,,,,,,,,,,,,,,Please enter valid Middle Name
INST_AddL1_Blank,New,Negative,,Installment Loan,CDF(StateData.Installmet_SSN ),SAME AS SSN,,Negative,INST,middle,,,,,,,No,,,,,,,,,,,,,,,,,,,,,,,,,,,,,,,,Address Line 1 should not be left blank. Please enter information.
INST_City_Numeric,New,Negative,,Installment Loan,CDF(StateData.Installmet_SSN ),SAME AS SSN,,Negative,INST,middle,100 Automation Test Blvd,Selenium Avenue,123,CDF(StateData.State),CDF(StateData.ZipCode),10,Yes,500,Sr.,Y,,,,,,,,,,,,,,,,,,,,,,,,,,,,,City only accept alphabets. Please enter valid data
INST_City_AlphaNumeric,New,Negative,,Installment Loan,CDF(StateData.Installmet_SSN ),SAME AS SSN,,Negative,INST,middle,100 Automation Test Blvd,Selenium Avenue,abc123,CDF(StateData.State),CDF(StateData.ZipCode),10,Yes,500,Sr.,Y,,,,,,,,,,,,,,,,,,,,,,,,,,,,,City only accept alphabets. Please enter valid data
INST_Zip_4digit,New,NegativePopup,,Installment Loan,CDF(StateData.Installmet_SSN ),SAME AS SSN,,Negative,INST,middle,100 Automation Test Blvd,Selenium Avenue,CDF(StateData.City),CDF(StateData.State),1234,,,,,,,,,,,,,,,,,,,,,,,,,,,,,,,,,,State and Zip Code doesn't match. Please re-enter
INST_Zip_AlphaNumeric,New,NegativePopup,,Installment Loan,CDF(StateData.Installmet_SSN ),SAME AS SSN,,Negative,INST,middle,100 Automation Test Blvd,Selenium Avenue,CDF(StateData.City),CDF(StateData.State),abc123,,,,,,,,,,,,,,,,,,,,,,,,,,,,,,,,,,State and Zip Code doesn't match. Please re-enter
INST_AddrMonths_Blank,New,Negative,,Installment Loan,CDF(StateData.Installmet_SSN ),SAME AS SSN,,Negative,INST,middle,100 Automation Test Blvd,Selenium Avenue,CDF(StateData.City),CDF(StateData.State),CDF(StateData.ZipCode),,Yes,500,Sr.,Y,,,,,,,,,,,,,,,,,,,,,,,,,,,,,Months at Address should not be left blank. Please enter information.
INST_PrimPhone_Blank,New,Negative,,Installment Loan,CDF(StateData.Installmet_SSN ),SAME AS SSN,,Negative,INST,middle,100 Automation Test Blvd,Selenium Avenue,CDF(StateData.City),CDF(StateData.State),CDF(StateData.ZipCode),10,Yes,500,Sr.,Y,,,,,,,,,,,,,,,,,,,,,,,,,,,,,Primary Phone Nbr cannot be left blank. Please enter information.
INST_PrimPhone_lessthan10digit,New,Negative,,Installment Loan,CDF(StateData.Installmet_SSN ),SAME AS SSN,,Negative,INST,middle,100 Automation Test Blvd,Selenium Avenue,CDF(StateData.City),CDF(StateData.State),CDF(StateData.ZipCode),10,Yes,500,Sr.,Y,,,,,,123-456-789,,,,,,,,,,,,,,,,,,,,,,,Primary Phone Nbr must be at least 10 digits. Please re-enter.
INST_PrimPhone_morethan10digit,New,Negative,,Installment Loan,CDF(StateData.Installmet_SSN ),SAME AS SSN,,Negative,INST,middle,100 Automation Test Blvd,Selenium Avenue,CDF(StateData.City),CDF(StateData.State),CDF(StateData.ZipCode),10,Yes,500,Sr.,Y,,,,,,123-456-78900,,,,,,,,,,,,,,,,,,,,,,,Phone Type should not be left blank.Please enter information
INST_PrimPhoneType_Blank,New,Negative,,Installment Loan,CDF(StateData.Installmet_SSN ),SAME AS SSN,,Negative,INST,middle,100 Automation Test Blvd,Selenium Avenue,CDF(StateData.City),CDF(StateData.State),CDF(StateData.ZipCode),10,Yes,500,Sr.,Y,,,,,,Random,,,,,,,,,,,,,,,,,,,,,,,Phone Type should not be left blank.Please enter information
INST_SecPhoneType_Blank,New,Negative,,Installment Loan,CDF(StateData.Installmet_SSN ),SAME AS SSN,,Negative,INST,middle,100 Automation Test Blvd,Selenium Avenue,CDF(StateData.City),CDF(StateData.State),CDF(StateData.ZipCode),10,Yes,500,Sr.,Y,,,,,,Random,,Home,Random,,,Random,,,,,,,,,,,,,,,,,Secondary Phone Type should not be left blank.Please enter information.
INST_Email_Blank,New,Negative,,Installment Loan,CDF(StateData.Installmet_SSN ),SAME AS SSN,,Negative,INST,middle,100 Automation Test Blvd,Selenium Avenue,CDF(StateData.City),CDF(StateData.State),CDF(StateData.ZipCode),10,Yes,500,Sr.,Y,,,,,,Random,,Cell,,,,,,,,,,,,,,,,,,,,,E-mail should not be left blank.Please enter information.
INST_Email_Invalid,New,Negative,,Installment Loan,CDF(StateData.Installmet_SSN ),SAME AS SSN,,Negative,INST,middle,100 Automation Test Blvd,Selenium Avenue,CDF(StateData.City),CDF(StateData.State),CDF(StateData.ZipCode),10,Yes,500,Sr.,Y,,,,,,Random,,Cell,,,,abc@123,,,,,,,,,,,,,,,,,Please Enter a valid E-mail format   Example:name@yahoo.com.
INST_PhotoIdNbr_Invalid,New,Negative,,Installment Loan,CDF(StateData.Installmet_SSN ),SAME AS SSN,,Negative,INST,middle,100 Automation Test Blvd,Selenium Avenue,CDF(StateData.City),CDF(StateData.State),CDF(StateData.ZipCode),10,Yes,500,Sr.,Y,,,,,,Random,,Home,Random,,Cell,Random,,,,,,,,,,,,,,,,,Photo ID Nbr cannot be left blank. Please enter information.
INST_PhotoIdNbr_SplChr,New,Negative,,Installment Loan,CDF(StateData.Installmet_SSN ),SAME AS SSN,,Negative,INST,middle,100 Automation Test Blvd,Selenium Avenue,CDF(StateData.City),CDF(StateData.State),CDF(StateData.ZipCode),10,Yes,500,Sr.,Y,,,,,,Random,,Home,Random,,Cell,Random,,,,,special @!,,,,,,,,,,,,Photo ID Nbr field cannot accept special characters.
INST_PhotoIdState_Blank,New,Negative,,Installment Loan,CDF(StateData.Installmet_SSN ),SAME AS SSN,,Negative,INST,middle,100 Automation Test Blvd,Selenium Avenue,CDF(StateData.City),CDF(StateData.State),CDF(StateData.ZipCode),10,Yes,500,Sr.,Y,,,,,,Random,,Home,Random,,Cell,Random,,,,,Random,,,,,,,,,,,,The State under which the Photo ID Nbr has been issued is required.
INST_PhotoIdType_Blank,New,Negative,,Installment Loan,CDF(StateData.Installmet_SSN ),SAME AS SSN,,Negative,INST,middle,100 Automation Test Blvd,Selenium Avenue,CDF(StateData.City),CDF(StateData.State),CDF(StateData.ZipCode),10,Yes,500,Sr.,Y,,,,,,Random,,Home,Random,,Cell,Random,,,,,Random,CDF(StateData.State),,,,,,,,,,,Photo ID Type cannot be left blank.Please enter information.
INST_PhotoIDZip_Blank,New,Negative,,Installment Loan,CDF(StateData.Installmet_SSN ),SAME AS SSN,,Negative,INST,middle,100 Automation Test Blvd,Selenium Avenue,CDF(StateData.City),CDF(StateData.State),CDF(StateData.ZipCode),10,Yes,500,Sr.,Y,,,,,,Random,,Home,Random,,Cell,Random,,,,,Random,CDF(StateData.State),,Drivers license,,,,,,,,,ID Zip Code should not be left blank. Please enter information.
INST_PhotoIDZip_Mismatch,New,NegativePopup,,Installment Loan,CDF(StateData.Installmet_SSN ),SAME AS SSN,,Negative,INST,middle,100 Automation Test Blvd,Selenium Avenue,CDF(StateData.City),CDF(StateData.State),CDF(StateData.ZipCode),10,Yes,500,Sr.,Y,,,,,,Random,,Home,Random,,Cell,Random,,,,,Random,CDF(StateData.State),,Drivers license,12345,,,,,,,,ID State and ID ZipCode doesn't match. Please re-enter
INST_DOB_Blank,New,Negative,,Installment Loan,CDF(StateData.Installmet_SSN ),SAME AS SSN,,Negative,INST,middle,100 Automation Test Blvd,Selenium Avenue,CDF(StateData.City),CDF(StateData.State),CDF(StateData.ZipCode),10,Yes,500,Sr.,Y,,,,,,Random,,Home,Random,,Cell,Random,,,,,Random,CDF(StateData.State),,Drivers license,CDF(StateData.ZipCode),,,,,,,,Dob cannot be left blank. Please enter information.
INST_IDExpiry_Invalid,New,Negative,,Installment Loan,CDF(StateData.Installmet_SSN ),SAME AS SSN,,Negative,INST,middle,100 Automation Test Blvd,Selenium Avenue,CDF(StateData.City),CDF(StateData.State),CDF(StateData.ZipCode),10,Yes,500,Sr.,Y,,,,,,Random,,Home,Random,,Cell,Random,,,,,Random,CDF(StateData.State),12/12/12,Drivers license,CDF(StateData.ZipCode),12/12/1987,,,,,,,"Date fields must be entered as    ""MM/DD/YYYY"". Please re-enter."
INST,,,,,,,,,,,,,,,,,,,,,,,,,,,,,,,,,,,,,,,,,,,,,,,,,
